[
  {
    "employee_id": 0,
    "first_name": "Cave",
    "last_name": "Johnson",
    "labour": [
      {
        "total": 5.829722222222222,
        "date": "20-7-1953",
        "labour_by_time_period": {
          "period1": 2.98,
          "period2": 2.8497222222222223
        }
      }
    ]
  }
]

[
  {
    "employee_id": 2,
    "first_name": "Doug",
    "last_name": "Rattmann",
    "labour": [
      {
        "total": 7.5680555555555555,
        "date": "4-2-2017",
        "labour_by_time_period": {
          "period3": 3.49,
          "period4": 4.078055555555555
        }
      }
    ]
  }
]

[
  {
    "employee_id": 3,
    "first_name": "GLaDOS",
    "last_name": null,
    "labour": [
      {
        "total": 47.999722222222225,
        "date": "12-11-2012",
        "labour_by_time_period0": {
          "period1": 7,
          "period2": 6,
          "period3": 5,
          "period4": 6
        },
        "date0": "13-11-2012",
        "labour_by_time_period": {
          "period4": 6,
          "period1": 7,
          "period2": 5,
          "period3": 5.999722222222222
        }
      }
    ]
  }
]